Model,R-Squared,RMSE
Linear Regression,1.0,1.8630736334617276e-17
Ridge Regression,0.9999983037541162,2.242732049416405e-05
Gradient Boosting Regressor,0.9973131931262738,0.0008925883440730136
Random Forest Regressor,0.9952647678103551,0.0011849598231752957
Decision Tree Regressor,0.9920135553078825,0.0015388976276299196
Lasso Regression,-0.022555342982405913,0.017413112148283838
ElasticNet Regression,-0.022555342982405913,0.017413112148283838
Support Vector Regressor (SVR),-1.9828341924083976,0.029740450467011566
