Model,R-Squared,RMSE
Ridge Regression,0.9994116128281595,0.00040198677269472457
Gradient Boosting Regressor,0.9990442704150457,0.0005123275143649817
Random Forest Regressor,0.9962128695726923,0.001019847642502428
ElasticNet Regression,0.917427674513685,0.004762088070863973
Decision Tree Regressor,0.8711342625009846,0.005949067504659772
Lasso Regression,0.6949329495192551,0.009153302531074416
